Blog, total virality, post count 
marmiteetponpon, 3590, 146 
rasharawwas, 195, 35 
stylememaria, 2214, 93 
blondedusk, 1189, 93 
stateofmind13, 2645, 73 
nogarlicnoonions, 23345, 1082 
monkyseemonkydo, 2028, 126 
halaajam, 781, 131 
thewiremannequin, 1516, 139 
plus961, 1886, 93 
tfour, 2525, 124 
octavianasr, 802, 45 
blogbaladi, 33824, 1557 
rkhourids, 2576, 95 
glamroz, 6881, 428 
beirutntsc, 5771, 451 
alextohme, 42, 4 
tasteofbeirut, 2430, 106 
confettiblues, 49, 21 
trella, 411, 10 
endashemdash, 182, 89 
remarkz, 70, 12 
fashiontotracy, 1287, 111 
mideastwire, 685, 71 
prettycapricieuse, 1200, 99 
tech-ticker, 3051, 318 
alexrowell-now, 1604, 84 
anamarialuca-now, 1417, 72 
maureenabood, 832, 54 
musiqati, 1965, 158 
bikaffe, 948, 55 
ageeksblog, 2876, 177 
ginosblog, 10327, 313 
taknologia, 440, 32 
mayagebeily-now, 941, 62 
anthonyelghossain-now, 649, 43 
chitiktikchiti3a, 3164, 207 
tlkabtmovies, 3769, 164 
unelibanaiseaparis, 596, 33 
cloudoflace, 340, 44 
notrecloset, 2017, 136 
ranyaradwan-now, 371, 26 
mattnash-now, 573, 52 
breadonbutter, 3077, 162 
lfadi, 1996, 171 
designfetish, 2352, 112 
beirutreport, 3843, 133 
fromagesandfridays, 1238, 47 
beirutcityguide, 18194, 502 
saharghazale, 964, 95 
veromodame, 3166, 245 
elmerehbi, 243, 42 
thomas-schellen-execmag, 653, 37 
blogoftheboss, 3589, 99 
supermommybeirut, 762, 38 
nadsreviews, 2637, 285 
ultgate, 1317, 58 
beirutiyat, 332, 13 
mustapha, 1015, 52 
phatimasbox, 338, 33 
elsaolaccessoire, 1619, 98 
humourkind, 46, 2 
thebigsam, 327, 49 
onthesidewalks, 408, 37 
ivysays, 1888, 68 
myoungtn, 905, 42 
the50bookproject, 2, 1 
afiftabsh, 144, 10 
alishehab, 1884, 119 
jhaddadnl, 48, 22 
meemeee82, 92, 10 
eyeontheeast, 878, 31 
photosoftheweek, 1891, 111 
bambisoapbox, 556, 38 
playingwithfashion, 2831, 153 
booksalimallawzi, 167, 14 
moulahazat, 976, 41 
2famous, 1334, 46 
keystomykitchen, 512, 57 
thecubelb, 45, 4 
majnouna-blog, 251, 21 
redlipshighheels, 1392, 73 
hummusforthought, 1843, 59 
ziadmajed, 0, 0 
meandbeirut, 6, 1 
witchylisa, 24, 12 
consumedly, 76, 8 
hahussain, 540, 228 
leelouzworld, 21, 1 
mallaidh, 566, 60 
globalvoicesonline, 740, 21 
memy50shadesandl, 544, 22 
theclosetclause, 1833, 122 
myoungnl, 559, 42 
deliberatedeception, 153, 10 
sillygoon, 275, 28 
qifanabki, 603, 20 
cinegoon, 342, 28 
karlremarks, 2315, 54 
larmoiredelana, 2402, 195 
abirghattas, 396, 11 
dustywyndow, 294, 13 
speaktheblues, 2654, 176 
sansglutenabeyrouth, 102, 16 
ritachemaly, 1376, 107 
sietske-in-beiroet, 569, 84 
beirutspring, 345, 12 
smehio, 857, 66 
laraspeaksstyle, 930, 71 
probeirut, 88, 3 
iaminakh, 639, 33 
dropsofcream, 255, 20 
qaph, 100, 4 
celinek, 88, 8 
younglevant, 124, 19 
arabsaga, 140, 16 
cookin5m2, 820, 34 
blkbtrfli, 483, 40 
inkontheside, 1778, 47 
thejrexpress, 850, 33 
teacalls, 370, 22 
mkaramtn, 736, 44 
joesbox, 1331, 85 
expatriateinlebanon, 217, 15 
thecodeship, 29, 1 
majnouna-khatt, 93, 7 
anthonysargon-now, 51, 11 
lunasafwan-now, 236, 13 
backinbeirut, 77, 26 
chantalsouaid, 135, 28 
ritakml, 587, 25 
whenhopespeaks, 76, 6 
smex, 639, 32 
missfarah, 23, 6 
bananapook, 620, 20 
leclicblog, 97, 15 
jeremyarbid, 34, 9 
projectrevolver, 972, 62 
myoungds, 1136, 41 
figo29, 705, 68 
nouchaline, 537, 63 
menaribo, 235, 17 
greenresistance, 1044, 58 
samarladebeirut, 552, 27 
beirutista, 913, 55 
taraghazal, 223, 13 
thepresentperfect, 450, 26 
saghbini, 439, 13 
absolutegeeks, 8386, 503 
nakedbana2, 625, 44 
lgghanem, 392, 31 
ghazayel, 246, 9 
mexicaninbeirut, 114, 5 
mindsoupblog, 298, 27 
salemmneimneh, 19, 2 
womanunveiled, 681, 18 
thedscoop, 230, 64 
gghali, 175, 9 
violatre, 31, 12 
carmelandvanilla, 997, 41 
johayna, 4, 2 
ethiopiansuicides, 80, 8 
smileyface80, 417, 36 
lebanonspring, 50, 2 
lebaneseexpatriate, 436, 25 
chroniquesbeyrouthines, 93, 15 
hghaddarnl, 297, 19 
lefthandrednose, 4, 2 
sunsetdeamor, 1248, 45 
helenmackreath, 20, 10 
tomfletcher, 370, 12 
theadsgarage, 421, 18 
funkyozzi, 76, 4 
ryanhamze, 277, 18 
blogdechanty, 2070, 120 
fawdastan, 139, 7 
justinsalhani, 19, 6 
jadaoun, 123, 12 
jou3an, 1140, 31 
blogtoblague, 169, 8 
lebaneseblogs, 71, 9 
beirutandi, 145, 8 
h20-platform, 88, 12 
roussweetcorner, 448, 21 
pearlspowder, 143, 24 
sleeplessbeirut, 0, 0 
nadineelali-now, 1048, 61 
lifeandstyleandco, 344, 21 
gingerbeirut, 38, 19 
beirut5ampere, 504, 17 
dreamofchange, 113, 4 
arabictype, 36, 5 
khaledalameddine, 198, 23 
seenbymaya, 160, 7 
rachaelhalabi, 114, 4 
theyellowsocks, 149, 15 
healthnhorizons, 253, 15 
bilamaliyeh, 343, 37 
southoak, 92, 7 
kadmous, 629, 62 
bubblegumfashionface, 1121, 57 
eyesonbeirut, 513, 13 
shezshe, 91, 10 
sharbelfaraj, 1106, 73 
ohmyhappiness, 69, 2 
donkeshotat, 14, 7 
strawberryblu, 255, 15 
hummusnation, 39, 1 
lamathinks, 61, 3 
umerkabboul, 34, 1 
brigittekm1, 42, 3 
chemali, 1228, 54 
howitakemycoffee, 199, 11 
younglbadult, 687, 55 
lobnene, 115, 4 
dirtykitchensecrets, 51, 2 
nourzahi, 88, 5 
michcafe, 118, 11 
maba3rif, 45, 3 
shtoshouwhat, 80, 6 
bloggingfairtradelebanon, 6, 3 
jneen8, 43, 3 
johnantonios, 29, 1 
toulasblog, 109, 51 
alexandra-designs, 4, 2 
salimallawzi, 710, 32 
nokta3alshutter, 0, 0 
eliamssawir, 185, 9 
lebmediamonitor, 386, 33 
donaldderek, 0, 0 
seenye, 157, 12 
nicolashayek, 0, 0 
snapshotscenes, 29, 6 
lifewithsubtitles, 0, 0 
thefoodblog, 0, 0 
nammourette, 48, 2 
melissatabeek, 535, 32 
whatrhymeswithellen, 904, 33 
tamarindie, 468, 25 
betket, 100, 6 
natalijelrameid, 18, 9 
lbcblogs, 1117, 43 
toutbeyrouth, 69, 14 
vwsquarebacktolife, 214, 61 
autismbloglb, 10, 5 
dyslexialb, 152, 30 
brownieboxblog, 126, 13 
takesecurityback, 43, 2 
hamidaouad, 18, 9 
kamyoon, 21, 7 
abedkataya, 225, 20 
dexcomics, 202, 22 
globalnuancestheblog, 20, 1 
einshtein, 2, 1 
behindthef, 39, 6 
plush-beirut, 41, 2 
racing-thoughts, 23, 2 
nasriatallah, 54, 4 
tabadoul, 0, 0 
atrissi, 60, 14 
dinahamzeh, 166, 7 
najissa, 0, 0 
code4word, 32, 5 
livia-murray-execmag, 1337, 51 
hopeclinicblog, 4, 2 
atouchofdesign, 123, 11 
nabila-rahhal-execmag, 820, 35 
matt-nash-execmag, 904, 29 
eastreport, 160, 30 
gajreige, 174, 10 
allobeirut, 87, 12 
pamghanem, 507, 29 
modeaupoint, 267, 30 
beirutbeltway, 46, 3 
zahrlaymoun, 8, 4 
lejournaldeleen, 375, 45 
driftersguide, 803, 37 
fadykataya, 439, 23 
bowtiearabia, 85, 10 
marketinginlebanon, 0, 0 
105914340896, 2, 1 
lebanesecomics, 6, 3 
harfnoon, 2, 1 
arabglot, 106, 5 
fashionteacup, 133, 45 
farewellchronicles, 748, 26 
patymsnutritionworld, 2, 1 
ibosblog, 2, 1 
streetfoodgalore, 109, 14 
lushinliban, 74, 15 
modenomade, 262, 20 
innerbeautybymariam, 63, 28 
heelsoverheads, 111, 7 
maiahmdn, 33, 13 
mayasingredients, 303, 13 
marianachawi, 0, 0 
lebanesefashionistanyc, 12, 6 
rampurple, 319, 19 
socialmediatag, 196, 14 
cloud961, 876, 118 
notesonwings, 200, 20 
acharif, 176, 12 
joumananammour, 565, 17 
angienassar, 43, 5 
megspotchecks, 170, 15 
blogandbrand, 579, 58 
fashionicia, 974, 37 
thepurpleroseofbeirut, 18, 9 
rationalrepublic, 41, 6 
w0rd, 261, 10 
rawanekhalil, 0, 0 
haykhabriyeh, 0, 0 
breakingforever, 75, 27 
mariafrangieh, 293, 14 
carlamourad, 46, 9 
pitchforyourlife, 230, 10 
zquill, 215, 11 
chocolateandvanillasoles, 152, 15 
thewardrobesoldier, 20, 10 
vaneliassa, 24, 2 
brainsforless, 206, 8 
techgeek365, 223, 19 
