Blog Name, Posts Count, Total Virality 
Abir Ghattas, 59, 518 
Dounia Alexandra Design, 14, 6 
Strategy and Business in the Middle East, 26, 75 
arabglot الناطق بالضاد, 33, 162 
ArabSaga, 204, 295 
The Blog of Tarek Atrissi, 27, 130 
Back in Beirut, 55, 83 
Bambi's Soapbox, 88, 621 
بيروت 5 امبير, 36, 693 
From Beirut to the Beltway, 19, 48 
Beirutista, 94, 998 
خربشات بيروتية, 40, 419 
Tarek Chemaly , 842, 6320 
The Beirut Report, 417, 4758 
Beirut Spring, 51, 486 
Bikaffe, 104, 1081 
Bil amaliyeh, 69, 442 
Lebanese Voices' Blog, 64, 519 
Blog Baladi, 2907, 37794 
Blogging Fair Trade Lebanon, 29, 8 
Blog to Blague, 23, 188 
Chroniques beyrouthines, 37, 146 
Cloud of Lace, 92, 348 
Code4word, 422, 41 
CONFETTI, 46, 53 
Consumedly, 49, 114 
Dirty Kitchen Secrets, 166, 125 
Dusty Wyndow Blog, 43, 439 
 Nour Has a Tumblog, 142, 196 
Ethiopian Suicides, 35, 118 
Eye on the East, 59, 1145 
Fashion To Tracy, 198, 1445 
Figo29's Blog, 135, 958 
.: From Beirut with Funk :., 30, 142 
Gabe's, 39, 282 
مجة, 29, 307 
Ginger Beirut, 33, 42 
Gino's Blog, 781, 13789 
globalnuances, 13, 62 
Global Voices Online (Lebanon), 49, 881 
Green Resistance, 87, 1186 
The Platform, 77, 110 
ربيع العرب, 402, 630 
Hay Khabriyeh!, 20, 58 
Health 'n' Horizons, 68, 528 
Hummus For Thought, 127, 2430 
جمهورية الحمص, 19, 56 
Ink On the Side, 159, 2230 
Ivy Says, 116, 2141 
Lebanon News: Under Rug Swept, 24, 136 
jneen8 « The Cemetery of Random Thoughts, 14, 54 
Joe's Box, 139, 1408 
جـهينة ..., 32, 6 
مواطن جوعان, 87, 1339 
Kadmous, 111, 709 
Karl Remarks, 117, 2735 
Lama's Scrapbook, 30, 98 
L'armoire de Lana, 388, 3149 
Lebanese Blogging Community, 136, 1153 
The Blog of Lebanese Blogs, 29, 146 
Malaak Angel of Peace, 29, 8 
The Lebanese Expatriate, 78, 550 
Lebanon Spring Blog, 36, 134 
Le Clic, 42, 123 
Leelouz World, 20, 76 
Life and Style and Co, 70, 466 
Life With Subtitles, 26, 23 
لبناني, 36, 152 
Mirth and Folly, 54, 306 
Majnouna: Khatt, 34, 116 
Maria Studio, 28, 33 
Marketing in Lebanon, 10, 9 
Me & Beirut, 40, 33 
Babbles Of A Local Girl, 24, 94 
 Me My 50 Shades and L, 59, 753 
Men Aribo - من أريبو, 78, 326 
From Mexico to Beirut, 31, 147 
Mich Café, 63, 194 
The Mideastwire Blog, 135, 709 
Mind Soup, 65, 472 
Miss Farah, 23, 53 
Moulahazat, 73, 1125 
Musiqati, 261, 2165 
خرّوب و زنزلخت, 13, 16 
نقد بنّاء, 109, 636 
Nasri Atallah, 17, 140 
No Garlic No Onions, 1947, 26921 
نور زاهي, 35, 176 
Octavia Nasr's Blog, 84, 974 
Ohmyhappiness, 14, 140 
Phatima's Box, 79, 513 
POW | Photos Of the Week, 154, 2164 
+961 Blog, 318, 2096 
Plush Beirut, 31, 69 
Qaph, 23, 113 
Qifa Nabki, 66, 964 
Racha El Halabi, 30, 162 
Racing Thoughts, 16, 45 
Red Lips High Heels, 190, 1900 
Remarkz, 23, 84 
Rita Chemaly's Blog, 205, 1480 
Rita Kamel's Blog, 111, 1078 
مدوّنة نينار, 69, 621 
Un Peu de Kil Shi, 149, 1064 
Sans Gluten A Beyrouth, 91, 133 
Seen by Maya, 36, 255 
Sietske In Beiroet, 165, 616 
Sleepless in Beirut, 27, 45 
SMEX, 349, 665 
مدونة بيسان, 126, 517 
Snapshot Scenes, 33, 31 
سنديانة الجنوب, 36, 145 
Speakin' the Blues, 309, 3012 
A Separate State of Mind, 321, 3152 
Strawberry Blu, 77, 301 
Taste Of Beirut, 198, 2762 
Tech Ticker, 706, 3490 
The Ads Garage, 46, 525 
The Closet Clause, 279, 2012 
The Code Ship, 10, 67 
The Cube, 24, 105 
The D. Scoop, 173, 234 
The JR Express, 124, 1123 
The Present Perfect, 52, 486 
مدونة تريلا, 28, 547 
When Hope Speaks . أمل إن حكت, 50, 138 
Witchy Lisa, 24, 26 
إِمْرَأَةْ تَنْكَشِفْ, 48, 916 
The Young Levant, 30, 137 
Ziad Majed, 52, 8 
ShezShe, 34, 123 
Fromages & Fridays, 90, 1486 
Nad's Reviews, 519, 3143 
Carmel + Vanilla, 90, 1075 
Paty M's Nutrition World, 29, 15 
Brigitte's Blog, 21, 90 
Tea Calls, 74, 513 
Arabic Type and Typography , 8, 38 
Harf Noon, 54, 8 
Design Fetish, 278, 2658 
The Food Blog, 39, 24 
John Antonios, 12, 53 
Einshtein, 18, 37 
Le Blog de Chanty, 169, 2261 
Hope Clinic Blog, 4, 18 
Justin Salhani, 32, 25 
Hamid Aouad, 54, 47 
Afif's, 27, 161 
جمهورية فوضىستان, 51, 224 
My Wonderland, 15, 73 
Tara Ghazal, 47, 281 
Dexcomics, 67, 211 
زهر الليمون, 31, 12 
Left Hand Red Nose, 48, 6 
Samar la de Beirut, 108, 1038 
جدار .. برسم الإيجار, 49, 894 
بلد التستوستيرون, 14, 84 
دونكيشوتات, 18, 16 
Ryan Hamze, 48, 318 
اليوم- غدا, 128, 1152 
Joumana Nammour, 32, 633 
Let's tlk abt movies | reviews by Anis Tabet, 251, 4239 
Revolver, 128, 1430 
 The Cinema Goon, 56, 376 
monkyseemonkydo, 203, 2273 
Rou's Sweet Corner, 43, 524 
50 Books 365 Days, 21, 4 
Donald's Blog, 9, 77 
Pretty Capricieuse, 166, 1348 
Helen Mackreath, 36, 28 
Beirut and I, 23, 158 
Salem Mneimneh, 14, 21 
Lara Speaks Style, 133, 1153 
On The Sidewalks, 63, 460 
Dropsofcream, 61, 317 
Vaneliassa's, 3, 33 
Take Security Back Blog, 39, 80 
The BiGsAm.com, 176, 1285 
Expatriate in Lebanon, 39, 321 
Pro Beirut, 16, 238 
Nicolas El Hayek, 13, 46 
DeliberateDeception, 28, 276 
Bananapook, 64, 683 
Silly Goon, 50, 395 
Ultimate Gate, 104, 1950 
The Journey Starts Here, 86, 707 
VEROMODA The Blog, 288, 3691 
Sunset De Amor, 59, 1385 
Maya Zankoul's Amalgam, 16, 13 
Scrawl Space, 44, 416 
Pearl's  Powder, 63, 195 
نَقْرَأ , 24, 361 
Rasha's Choice, 63, 235 
 CELINE K BLOG , 34, 92 
HumourKind, 29, 107 
علي شهاب, 155, 2110 
Cook In Five Square Meters, 41, 963 
2famous.TV, 82, 2188 
Nouchaline: My Fashion Blog, 95, 618 
viola' illustrations by Nadine Feghaly, 39, 52 
jeremy arbid, 21, 169 
The T times..., 17, 259 
Maria Frangieh, 67, 385 
Chantal's thoughts, 32, 154 
Keys to my Kitchen, 70, 717 
The Wire Mannequin, 155, 1770 
playing with fashion, 163, 2972 
Elsa O . L'accessoire, 99, 1621 
Tom Fletcher, 16, 526 
A Geek's Blog, 178, 2904 
Books I love and others I get stuck with, 11, 8 
Notre Closet, 137, 2026 
Khaled Alameddine, 24, 200 
the yellow socks, 23, 172 
Bubblegum fashionface, 77, 1191 
Eyes on beirut, 23, 515 
Hala Ajam, 132, 783 
Absolute Geeks, 504, 8392 
Patrick Chemali @Face Value, 59, 1331 
How I take my coffee, 12, 220 
Thoughts of a Young Lebanese Adult, 59, 722 
Blonde Dusk, 94, 1198 
lfadi, 172, 1998 
Sharbel Faraj, 74, 1124 
MaBa3rif, 14, 81 
Shto? Shou? What?, 16, 129 
ChiTikTik ChiTi3a, 208, 3180 
Rose Water & Orange Blossoms, 56, 866 
Toula's Blog, 67, 125 
Breadonbutter, 186, 3297 
shutter نقطة عل, 7, 59 
Seenyé, 13, 159 
Elia's Blog Mssawir, 16, 317 
Marmite et Ponpon, 147, 3629 
Lebanese Media Monitor, 34, 392 
Blog of the Boss, 100, 3628 
Mustapha Hamoui's Geek Blog, 53, 1024 
Glamroz, 429, 6923 
Taknologia | Tech Blog, 33, 458 
Melissa Tabeek, 34, 546 
What Rhymes With Ellen, 34, 930 
Natalij Elrameid, 10, 20 
Stories from Tamarindie, 40, 487 
BetKet Photography, 16, 116 
Ibrahim El Merehbi, 43, 249 
Livia Murray at Executive Magazine, 52, 1370 
Style Me Maria | Fashion & Lifestyle, 94, 2235 
Fady Kataya Beauty Lounge, 24, 458 
Tout Beyrouth, 15, 71 
Dyslexia Association Lebanon, 31, 154 
Une libanaise à Paris, 34, 612 
BehindTheF, 7, 48 
Abed Kataya, 31, 234 
Kamyoon, 28, 23 
Super Mommy : Beirut, 39, 779 
1973 VW Squareback to Life, 62, 216 
Dina Hamzeh, 10, 179 
Thomas Schellen at Executive Magazine, 38, 702 
A Touch Of Design, 12, 141 
Nabila Rahhal at Executive Magazine, 36, 850 
Matt Nash at Executive Magazine, 30, 941 
The East Report - تقرير الشرق, 31, 162 
The Pink Panther, 14, 201 
Digital and Technology Blog in Middle East , 125, 2546 
Allo Beirut , 27, 110 
من كل وادي عصا, 30, 509 
Mode au point, 31, 273 
Le Journal De Leen , 47, 377 
Drifter | Chronicles of a Global Citizen, 38, 819 
Bow tie arabia, 11, 94 
My Cup Of Tea, 46, 135 
The Farewell Chronicles, 27, 786 
Bob's blog, 10, 16 
Street Food Galore, 15, 128 
wardrobe soldier, 11, 22 
Mode Nomade, 21, 279 
      Inner Beauty By Mariam, 29, 65 
Heels Over Heads, 9, 129 
Do Not Make A Life Plan, 14, 35 
Brownie Box, 14, 135 
PreciousC . Me, 7, 14 
Rampurple, 20, 344 
Michael Young at The Daily Star, 59, 1314 
Rami G Khouri at The Daily Star, 117, 2942 
Hanin Ghaddar at Now Lebanon, 32, 509 
Joumnana Haddad at Now Lebanon, 36, 424 
Ibrahim al-Amin at Al-Akhbar English, 47, 920 
Michael Karam at The National, 58, 839 
Michael Young at The National, 55, 1038 
Michael Young at Now Lebanon, 56, 750 
Alex Rowell (NOW Blog), 101, 2098 
Maya Gebeily (NOW Blog), 63, 943 
Luna Safwan (NOW Blog), 25, 472 
Anthony Elghossain (NOW Blog), 55, 870 
Matt Nash (NOW Blog), 63, 828 
Ana Maria Luca (NOW Blog), 84, 1729 
Ranya Radwan (NOW Blog), 37, 435 
Nadine Elali (NOW Blog), 74, 1379 
Beirut City Guide, 504, 18244 
Social Media Tag, 15, 210 
maya's Ingredients, 14, 322 
Cloud 961 Magazine, 119, 893 
Notes on Wings, 21, 222 
Ahmad Al Charif, 13, 198 
Angie Nassar, 7, 60 
Megspotcheck's Blog, 16, 188 
Life's A Pitch, 11, 256 
Blog and Brand, 59, 601 
Fashionicia, 38, 1003 
The Show Is About Nothing, 12, 20 
وَرَدَ, 11, 287 
Enigma, 28, 86 
Carla Mourad, 10, 48 
Roy and Terry's The Quill, 12, 228 
Chocolate and Vanilla Soles, 16, 161 
Tech Geek 365, 20, 250 
