Blog, Number of times #1, Number of Posts 
blogbaladi, 452, 1562
ginosblog, 113, 316
nogarlicnoonions, 118, 1086
keystomykitchen, 1, 58
funkyozzi, 1, 5
smehio, 1, 67
globalvoicesonline, 3, 22
sietske-in-beiroet, 15, 85
beirutreport, 44, 135
qifanabki, 5, 21
inkontheside, 38, 48
ritachemaly, 3, 109
jadaoun, 3, 13
blogtoblague, 3, 9
ultgate, 15, 59
beirutntsc, 42, 452
nadsreviews, 4, 286
arabsaga, 1, 17
beirutista, 14, 56
mattnash-now, 14, 53
ghazayel, 5, 10
ageeksblog, 6, 179
larmoiredelana, 21, 196
2famous, 9, 47
joesbox, 13, 87
whenhopespeaks, 1, 7
beirutcityguide, 159, 505
alexrowell-now, 12, 86
younglevant, 8, 20
onthesidewalks, 1, 38
mexicaninbeirut, 4, 6
lebanonspring, 2, 3
plus961, 30, 96
karlremarks, 14, 55
salemmneimneh, 1, 3
ranyaradwan-now, 3, 27
dropsofcream, 1, 22
ivysays, 22, 69
moulahazat, 7, 42
probeirut, 1, 4
tech-ticker, 5, 322
tasteofbeirut, 2, 107
stateofmind13, 41, 74
prettycapricieuse, 6, 100
anthonyelghossain-now, 4, 44
ritakml, 5, 28
leclicblog, 1, 16
abirghattas, 4, 12
jhaddadnl, 3, 23
absolutegeeks, 8, 507
eyeontheeast, 3, 32
hummusnation, 1, 2
redlipshighheels, 2, 74
lebaneseexpatriate, 4, 26
eyesonbeirut, 1, 14
rkhourids, 1, 97
beirutspring, 6, 13
trella, 4, 11
mindsoupblog, 6, 28
theclosetclause, 8, 123
hummusforthought, 5, 60
lfadi, 23, 172
fromagesandfridays, 5, 48
younglbadult, 6, 57
kadmous, 3, 63
deliberatedeception, 1, 11
mayagebeily-now, 13, 63
sharbelfaraj, 9, 74
blogdechanty, 1, 121
lebaneseblogs, 1, 10
myoungds, 1, 42
beirutiyat, 1, 14
laraspeaksstyle, 4, 72
teacalls, 1, 23
anamarialuca-now, 7, 74
iaminakh, 2, 34
chemali, 5, 55
blogoftheboss, 27, 101
mustapha, 9, 53
hghaddarnl, 3, 20
jou3an, 3, 33
gghali, 1, 10
bambisoapbox, 3, 39
photosoftheweek, 9, 113
glamroz, 41, 431
toulasblog, 1, 52
menaribo, 2, 18
monkyseemonkydo, 1, 127
memy50shadesandl, 1, 23
maureenabood, 1, 55
bikaffe, 10, 56
blondedusk, 1, 94
chitiktikchiti3a, 42, 208
lifeandstyleandco, 1, 22
alishehab, 1, 122
toutbeyrouth, 1, 15
chantalsouaid, 1, 29
nasriatallah, 1, 5
lbcblogs, 9, 44
salimallawzi, 1, 33
lebmediamonitor, 5, 34
tlkabtmovies, 4, 165
fashiontotracy, 2, 112
howitakemycoffee, 2, 12
theadsgarage, 1, 19
playingwithfashion, 4, 155
dyslexialb, 2, 31
bubblegumfashionface, 1, 59
dreamofchange, 1, 5
marmiteetponpon, 7, 148
figo29, 3, 69
mkaramtn, 1, 45
taknologia, 1, 33
carmelandvanilla, 6, 42
maba3rif, 1, 4
nadineelali-now, 2, 62
stylememaria, 4, 94
matt-nash-execmag, 3, 30
supermommybeirut, 4, 39
whatrhymeswithellen, 2, 34
tfour, 3, 126
thejrexpress, 4, 34
nabila-rahhal-execmag, 2, 38
breadonbutter, 6, 164
pearlspowder, 1, 25
nouchaline, 1, 64
105914340896, 1, 2
sunsetdeamor, 2, 46
elsaolaccessoire, 1, 100
veromodame, 2, 246
bilamaliyeh, 2, 38
racing-thoughts, 1, 3
speaktheblues, 2, 177
blkbtrfli, 1, 41
fashionteacup, 1, 46
driftersguide, 1, 38
endashemdash, 4, 90
thedscoop, 15, 65
expatriateinlebanon, 1, 16
socialmediatag, 1, 15
alextohme, 1, 5
cookin5m2, 2, 35
angienassar, 1, 6
notesonwings, 2, 21
shtoshouwhat, 1, 7
ryanhamze, 1, 19
fashionicia, 8, 38
rampurple, 1, 20
rasharawwas, 1, 36
livia-murray-execmag, 1, 52
melissatabeek, 1, 33
bananapook, 1, 21
lejournaldeleen, 1, 46
seenye, 1, 12
pamghanem, 1, 30
w0rd, 1, 11
khaledalameddine, 1, 24
techgeek365, 1, 28
